Channel,Energy,Counts,CPS
0,-1.90960902,0,0
1,-1.88961102,0,0
2,-1.86961302,0,0
3,-1.84961502,0,0
4,-1.82961702,0,0
5,-1.80961902,0,0
6,-1.78962102,0,0
7,-1.76962302,0,0
8,-1.74962502,0,0
9,-1.72962702,0,0
10,-1.70962902,0,0
11,-1.68963102,0,0
12,-1.66963302,0,0
13,-1.64963502,0,0
14,-1.62963702,0,0
15,-1.60963902,0,0
16,-1.58964102,0,0
17,-1.56964302,0,0
18,-1.54964502,0,0
19,-1.52964702,0,0
20,-1.50964902,0,0
21,-1.48965102,0,0
22,-1.46965302,0,0
23,-1.44965502,0,0
24,-1.42965702,0,0
25,-1.40965902,0,0
26,-1.38966102,0,0
27,-1.36966302,0,0
28,-1.34966502,0,0
29,-1.32966702,0,0
30,-1.30966902,0,0
31,-1.28967102,0,0
32,-1.26967302,0,0
33,-1.24967502,0,0
34,-1.22967702,0,0
35,-1.20967902,0,0
36,-1.18968102,0,0
37,-1.16968302,0,0
38,-1.14968502,0,0
39,-1.12968702,0,0
40,-1.10968902,0,0
41,-1.08969102,0,0
42,-1.06969302,0,0
43,-1.04969502,0,0
44,-1.02969702,0,0
45,-1.00969902,0,0
46,-0.98970102,0,0
47,-0.96970302,0,0
48,-0.94970502,0,0
49,-0.92970702,0,0
50,-0.90970902,0,0
51,-0.88971102,0,0
52,-0.86971302,0,0
53,-0.84971502,0,0
54,-0.82971702,0,0
55,-0.80971902,0,0
56,-0.78972102,0,0
57,-0.76972302,0,0
58,-0.74972502,0,0
59,-0.72972702,0,0
60,-0.70972902,0,0
61,-0.68973102,0,0
62,-0.66973302,0,0
63,-0.64973502,0,0
64,-0.62973702,0,0
65,-0.60973902,0,0
66,-0.58974102,0,0
67,-0.56974302,0,0
68,-0.54974502,0,0
69,-0.52974702,0,0
70,-0.50974902,0,0
71,-0.48975102,0,0
72,-0.46975302,0,0
73,-0.44975502,0,0
74,-0.42975702,0,0
75,-0.40975902,0,0
76,-0.38976102,0,0
77,-0.36976302,0,0
78,-0.34976502,0,0
79,-0.32976702,0,0
80,-0.30976902,0,0
81,-0.28977102,0,0
82,-0.26977302,0,0
83,-0.24977502,0,0
84,-0.22977702,0,0
85,-0.20977902,0,0
86,-0.18978102,0,0
87,-0.16978302,1,0.091726289
88,-0.14978502,2,0.183452578
89,-0.12978702,22,2.017978353
90,-0.10978902,158,14.49275362
91,-0.08979102,614,56.3199413
92,-0.06979302,2090,191.7079435
93,-0.04979502,5270,483.3975417
94,-0.02979702,9315,854.4303797
95,-0.00979902,12426,1139.790864
96,0.01019898,12659,1161.163089
97,0.03019698,9279,851.1282334
98,0.05019498,5170,474.2249129
99,0.07019298,2125,194.9183636
100,0.09019098,611,56.04476243
101,0.11018898,137,12.56650156
102,0.13018698,25.00008704,2.293165202
103,0.15018498,2.000318289,0.183481773
104,0.17018298,0,0
105,0.19018098,0,0
106,0.21017898,25.52101434,2.340947931
107,0.23017698,157.0128475,14.40220579
108,0.25017498,353.3142367,32.4082037
109,0.27017298,518.6616294,47.57490638
110,0.29017098,533.7392218,48.95791798
111,0.31016898,502.2226644,46.06702113
112,0.33016698,535.3576879,49.10637386
113,0.35016498,671.8205724,61.62360782
114,0.37016298,909.9591932,83.46717971
115,0.39016098,1231.166874,112.9303682
116,0.41015898,1479.984894,135.7535218
117,0.43015698,1589.797978,145.8262683
118,0.45015498,2007.377856,184.1293208
119,0.47015298,2528.535289,231.9331581
120,0.49015098,3302.909055,302.9635897
121,0.51014898,3842.662591,352.4731784
122,0.53014698,3700.442761,339.4278812
123,0.55014498,2839.371865,260.4450436
124,0.57014298,1711.372373,156.9778364
125,0.59014098,870.4736631,79.84531857
126,0.61013898,363.7157938,33.36229992
127,0.63013698,126.9210634,11.64199811
128,0.65013498,105.8417917,9.708474747
129,0.67013298,102.2706164,9.380904092
130,0.69013098,95.13486236,8.726367856
131,0.71012898,115.0563569,10.55369261
132,0.73012698,118.3682619,10.85748137
133,0.75012498,110.8373249,10.16669647
134,0.77012298,112.0605874,10.27890179
135,0.79012098,133.7481397,12.26822048
136,0.81011898,127.3158291,11.6782085
137,0.83011698,146.1756385,13.40814882
138,0.85011498,146.4597443,13.4342088
139,0.87011298,155.5137476,14.26469891
140,0.89011098,141.9736545,13.02271643
141,0.91010898,174.0316786,15.96328
142,0.93010698,201.2054064,18.4558252
143,0.95010498,189.1326463,17.34843573
144,0.97010298,198.0633891,18.16761962
145,0.99010098,192.5231013,17.65942958
146,1.01009898,206.5908129,18.94980856
147,1.03009698,213.5124446,19.58470415
148,1.05009498,244.5636961,22.43292021
149,1.07009298,248.2590485,22.77188117
150,1.09009098,234.0695972,21.47033546
151,1.11008898,281.8431483,25.852426
152,1.13008698,246.2709844,22.58952343
153,1.15008498,275.7578854,25.29424743
154,1.17008298,264.8305675,24.2919251
155,1.19008098,275.8220022,25.30012862
156,1.21007898,299.1665118,27.44143385
157,1.23007698,318.731725,29.23607825
158,1.25007498,294.518789,27.01511549
159,1.27007298,338.7307928,31.07051851
160,1.29007098,340.5412379,31.23658392
161,1.31006898,321.7392772,29.51194985
162,1.33006698,354.0794937,32.47839789
163,1.35006498,343.5803491,31.51535031
164,1.37006298,387.4155346,35.5361892
165,1.39006098,362.1256603,33.21644288
166,1.41005898,378.7592897,34.74218397
167,1.43005698,414.0943939,37.98334195
168,1.45005498,432.1522583,39.63972283
169,1.47005298,424.1887092,38.90925603
170,1.49005098,433.2777694,39.74296178
171,1.51004898,447.7636052,41.07169375
172,1.53004698,436.2479493,40.01540537
173,1.55004498,413.2355745,37.90456563
174,1.57004298,418.3509274,38.37377796
175,1.59004098,438.8677781,40.25571254
176,1.61003898,506.9339973,46.49917422
177,1.63003698,773.8750328,70.98468472
178,1.65003498,1272.813769,116.7504833
179,1.67003298,2303.981666,211.3356875
180,1.69003098,3913.675281,358.9869089
181,1.71002898,5597.746923,513.4605506
182,1.73002698,6828.101742,626.316432
183,1.75002498,6907.919493,633.6378181
184,1.77002298,5862.074209,537.7063116
185,1.79002098,4321.440075,396.3896601
186,1.81001898,2715.56998,249.0891561
187,1.83001698,1591.258595,145.9602453
188,1.85001498,957.2574074,87.80566936
189,1.87001298,624.3305605,57.26752527
190,1.89001098,466.5752261,42.79721391
191,1.91000898,368.5088455,33.80194877
192,1.93000698,345.9748689,31.73499072
193,1.95000498,303.1823042,27.80978758
194,1.97000298,330.4719173,30.31296251
195,1.99000098,321.2298802,29.46522475
196,2.00999898,331.2984665,30.38877881
197,2.02999698,305.6765183,28.03857259
198,2.04999498,313.3336241,28.74093048
199,2.06999298,360.1490599,33.03513666
200,2.08999098,337.7842575,30.98369634
201,2.10998898,318.3588103,29.20187217
202,2.12998698,358.0295053,32.84071779
203,2.14998498,323.3234445,29.65725963
204,2.16998298,336.2389865,30.84195437
205,2.18998098,309.3347626,28.37412976
206,2.20997898,339.249871,31.11813162
207,2.22997698,331.7317738,30.42852447
208,2.24997498,315.7565535,28.9631768
209,2.26997298,315.3056019,28.92181269
210,2.28997098,335.8680207,30.80792705
211,2.30996898,323.2064508,29.64652824
212,2.32996698,301.9414046,27.69596446
213,2.34996498,318.9679113,29.25774274
214,2.36996298,308.8917126,28.33349042
215,2.38996098,315.8589743,28.97257148
216,2.40995898,340.3688759,31.22077379
217,2.42995698,339.5875506,31.14910572
218,2.44995498,299.7684595,27.49664828
219,2.46995298,288.8864711,26.49848387
220,2.48995098,285.7894047,26.21440145
221,2.50994898,253.9192225,23.29106793
222,2.52994698,270.8892518,24.84766574
223,2.54994498,319.2258569,29.28140313
224,2.56994298,281.6708985,25.83662617
225,2.58994098,301.8793664,27.69027393
226,2.60993898,304.7597887,27.95448437
227,2.62993698,300.133806,27.53016016
228,2.64993498,311.6853271,28.58973831
229,2.66993298,308.3613722,28.28484427
230,2.68993098,286.2587693,26.25745453
231,2.70992898,301.0688897,27.61593191
232,2.72992698,301.9896094,27.70038611
233,2.74992498,291.1273543,26.70403177
234,2.76992298,299.4490857,27.4673533
235,2.78992098,302.148479,27.71495863
236,2.80991898,292.9670998,26.87278479
237,2.82991698,268.2393081,24.60459623
238,2.84991498,280.8182106,25.75841227
239,2.86991298,274.2442159,25.15540414
240,2.88991098,281.4629191,25.81754899
241,2.90990898,257.3457153,23.6053674
242,2.92990698,256.5257038,23.53015078
243,2.94990498,256.0355107,23.48518719
244,2.96990298,264.6077451,24.27148644
245,2.98990098,288.6393536,26.4758167
246,3.00989898,247.6705199,22.71789762
247,3.02989698,272.1263949,24.96114428
248,3.04989498,288.3469137,26.44899227
249,3.06989298,252.6526317,23.17488825
250,3.08989098,277.52037,25.4559136
251,3.10988898,273.8734574,25.12139583
252,3.12988698,263.6468912,24.18335087
253,3.14988498,239.0008857,21.92266426
254,3.16988298,235.7996164,21.6290237
255,3.18988098,255.0580189,23.39552549
256,3.20987898,252.3432165,23.14650674
257,3.22987698,235.7850204,21.62768486
258,3.24987498,239.2674415,21.94711443
259,3.26987298,258.0627692,23.67114009
260,3.28987098,253.5121697,23.25373048
261,3.30986898,236.7412615,21.71539731
262,3.32986698,257.7609881,23.64345882
263,3.34986498,230.6526974,21.15691592
264,3.36986298,244.0425333,22.38511588
265,3.38986098,238.8736407,21.91099254
266,3.40985898,256.9651993,23.57046407
267,3.42985698,225.3853264,20.67375953
268,3.44985498,259.1523865,23.77108664
269,3.46985298,237.701535,21.80347964
270,3.48985098,232.8655594,21.35989355
271,3.50984898,232.238912,21.30241351
272,3.52984698,227.3339684,20.85250123
273,3.54984498,218.6885039,20.05948486
274,3.56984298,244.4831755,22.42553435
275,3.58984098,226.2984968,20.75752126
276,3.60983898,229.6798039,21.06767602
277,3.62983698,242.7602296,22.26749492
278,3.64983498,244.0874264,22.38923376
279,3.66983298,249.9929034,22.93092124
280,3.68983098,278.4944155,25.54525917
281,3.70982898,283.8475387,26.03628129
282,3.72982698,260.5832969,23.90233874
283,3.74982498,265.4068807,24.34478817
284,3.76982298,249.7184798,22.90574938
285,3.78982098,241.5170375,22.15346153
286,3.80981898,201.9028266,18.51979697
287,3.82981698,205.3069184,18.83204168
288,3.84981498,216.3736242,19.84714953
289,3.86981298,206.4932976,18.94086385
290,3.88981098,213.4140604,19.57567973
291,3.90980898,215.8620976,19.80022909
292,3.92980698,217.778142,19.97598074
293,3.94980498,203.6134875,18.67670954
294,3.96980298,188.6163507,17.30107785
295,3.98980098,188.8064883,17.31851847
296,4.00979898,175.6105177,16.10810105
297,4.02979698,182.0663177,16.70026763
298,4.04979498,191.3171185,17.54880925
299,4.06979298,187.831801,17.22911402
300,4.08979098,209.656227,19.23098762
301,4.10978898,220.0079899,20.18051641
302,4.12978698,206.823215,18.97112594
303,4.14978498,192.2165904,17.63131448
304,4.16978298,191.8388303,17.59666394
305,4.18978098,181.8279489,16.67840294
306,4.20977898,191.9616999,17.60793431
307,4.22977698,213.7331072,19.60494471
308,4.24977498,206.155101,18.90984232
309,4.26977298,206.4078482,18.93302588
310,4.28977098,236.6317434,21.70535162
311,4.30976898,269.1864237,24.69147163
312,4.32976698,334.619728,30.69342579
313,4.34976498,525.5961206,48.21098153
314,4.36976298,874.0181093,80.17043747
315,4.38976098,1581.819022,145.0943884
316,4.40975898,2798.411964,256.6879439
317,4.42975698,4671.672244,428.5151572
318,4.44975498,7008.809728,642.8921049
319,4.46975298,9356.354343,858.2236602
320,4.48975098,11220.57442,1029.22165
321,4.50974898,11926.83048,1094.003896
322,4.52974698,11189.17954,1026.341914
323,4.54974498,9374.487105,859.8869111
324,4.56974298,7094.662086,650.7670231
325,4.58974098,4666.010625,427.9958379
326,4.60973898,2831.746932,259.7456368
327,4.62973698,1548.027029,141.9947742
328,4.64973498,810.5833878,74.35180589
329,4.66973298,490.2917155,44.97263947
330,4.68973098,299.7078354,27.49108745
331,4.70972898,197.8156732,18.14489756
332,4.72972698,188.6696815,17.30596968
333,4.74972498,197.3311802,18.10045681
334,4.76972298,235.6075553,21.61140665
335,4.78972098,285.8667837,26.22149915
336,4.80971898,375.1176665,34.4081514
337,4.82971698,565.1764562,51.84153882
338,4.84971498,782.7717936,71.80075157
339,4.86971298,1038.120239,95.22291682
340,4.88971098,1323.10276,121.3633058
341,4.90970898,1545.220855,141.7373743
342,4.92970698,1623.1221,148.8829664
343,4.94970498,1549.154898,142.0982295
344,4.96970298,1364.692076,125.1781395
345,4.98970098,1124.621942,103.157397
346,5.00969898,853.803125,78.31619198
347,5.02969698,598.8006995,54.92576587
348,5.04969498,392.8041557,36.03046741
349,5.06969298,252.8861752,23.19631033
350,5.08969098,183.990125,16.87673134
351,5.10968898,149.964062,13.75564685
352,5.12968698,130.9729998,12.01366719
353,5.14968498,120.4722343,11.05047095
354,5.16968298,111.3441337,10.21318415
355,5.18968098,110.5708608,10.14225471
356,5.20967898,117.9459271,10.81874217
357,5.22967698,125.8022413,11.53937271
358,5.24967498,132.4680911,12.15080637
359,5.26967298,111.5823902,10.23503854
360,5.28967098,138.0597651,12.66370988
361,5.30966898,106.6520269,9.782794616
362,5.32966698,106.9733873,9.812271809
363,5.34966498,116.0134231,10.64148075
364,5.36966298,113.8238018,10.44063491
365,5.38966098,124.493451,11.41932224
366,5.40965898,123.1986043,11.30055076
367,5.42965698,135.01366,12.38430196
368,5.44965498,142.5801828,13.07835102
369,5.46965298,133.5304418,12.24825186
370,5.48965098,123.6927101,11.34587324
371,5.50964898,118.8638723,10.90294188
372,5.52964698,119.1209012,10.92651818
373,5.54964498,126.7603145,11.62725321
374,5.56964298,122.428199,11.22988433
375,5.58964098,107.5270042,9.863053033
376,5.60963898,131.9723583,12.10533464
377,5.62963698,97.72052061,8.96354069
378,5.64963498,137.1001313,12.57568624
379,5.66963298,100.6617762,9.233331147
380,5.68963098,95.13796728,8.726652659
381,5.70962898,98.7250832,9.055685489
382,5.72962698,103.8034616,9.521506297
383,5.74962498,110.7092702,10.15495049
384,5.76962298,112.541473,10.32301165
385,5.78962098,103.7165634,9.513535443
386,5.80961898,107.5746549,9.867423859
387,5.82961698,90.85005742,8.333338601
388,5.84961498,93.6213279,8.587536956
389,5.86961298,127.5514208,11.69981846
390,5.88961098,115.7604444,10.61827595
391,5.90960898,102.753598,9.425206197
392,5.92960698,111.7573257,10.25108473
393,5.94960498,130.8170626,11.99936366
394,5.96960298,116.7190788,10.70620793
395,5.98960098,93.59875434,8.585466367
396,6.00959898,114.6626054,10.51757525
397,6.02959698,86.77653495,7.959689502
398,6.04959498,87.3373295,8.011129105
399,6.06959298,99.08757141,9.088935187
400,6.08959098,99.37061129,9.114897385
401,6.10958898,100.1872032,9.189800331
402,6.12958698,105.2939097,9.658219566
403,6.14958498,104.9840092,9.629793545
404,6.16958298,98.65952248,9.049671847
405,6.18958098,98.45243076,9.030676092
406,6.20957898,101.9817766,9.354409888
407,6.22957698,97.99616846,8.988824845
408,6.24957498,98.23281288,9.010531359
409,6.26957298,113.5447026,10.41503417
410,6.28957098,128.1392453,11.75373742
411,6.30956898,135.9182767,12.4672791
412,6.32956698,141.1640362,12.94845315
413,6.34956498,154.2173149,14.14578196
414,6.36956298,176.0489118,16.14831331
415,6.38956098,182.8387202,16.77111724
416,6.40955898,183.1200426,16.79692191
417,6.42955698,185.6097382,17.02529244
418,6.44955498,177.8505032,16.31356661
419,6.46955298,159.3471494,14.61632263
420,6.48955098,133.003247,12.19989424
421,6.50954898,86.8081489,7.962589332
422,6.52954698,97.68351059,8.960145899
423,6.54954498,85.48857396,7.84154962
424,6.56954298,86.33060394,7.918785905
425,6.58954098,83.09222699,7.621741606
426,6.60953898,92.89981981,8.521355697
427,6.62953698,94.75660902,8.691672081
428,6.64953498,79.67612195,7.308394969
429,6.66953298,96.79893318,8.879006896
430,6.68953098,95.95264358,8.801379891
431,6.70952898,92.14342749,8.451974637
432,6.72952698,95.35382884,8.746452838
433,6.74952498,95.60197371,8.769214246
434,6.76952298,82.73916833,7.589356845
435,6.78952098,78.82798409,7.23059843
436,6.80951898,89.91907201,8.247942763
437,6.82951698,81.96477422,7.518324548
438,6.84951498,81.96828538,7.518646614
439,6.86951298,104.0401505,9.543216885
440,6.88951098,78.9800792,7.24454955
441,6.90950898,100.0187385,9.174347689
442,6.92950698,83.0123589,7.614415603
443,6.94950498,89.06739552,8.16982164
444,6.96950298,91.0951162,8.355816933
445,6.98950098,103.1651811,9.462959188
446,7.00949898,97.13259527,8.909612481
447,7.02949698,87.12152717,7.991334358
448,7.04949498,103.1842134,9.464704954
449,7.06949298,98.14478833,9.002457194
450,7.08949098,81.08094769,7.437254421
451,7.10948898,99.12063948,9.091968399
452,7.12948698,85.08058633,7.804126429
453,7.14948498,78.04811429,7.159063868
454,7.16948298,109.094518,10.00683526
455,7.18948098,64.96576895,5.959068882
456,7.20947898,79.99213735,7.337381889
457,7.22947698,80.99598819,7.429461401
458,7.24947498,84.00306092,7.705289022
459,7.26947298,84.01285491,7.706187388
460,7.28947098,82.03713181,7.524961641
461,7.30946898,80.06733502,7.344279492
462,7.32946698,74.08622482,6.79565445
463,7.34946498,80.12732773,7.3497824
464,7.36946298,73.1329663,6.708215584
465,7.38946098,70.1502662,6.434623574
466,7.40945898,68.17381076,6.253330651
467,7.42945698,73.19553384,6.713954673
468,7.44945498,86.21252082,7.907954579
469,7.46945298,82.19384566,7.539336421
470,7.48945098,69.16582081,6.344324052
471,7.50944898,93.22006106,8.550730238
472,7.52944698,65.16192948,5.97706196
473,7.54944498,62.14288817,5.700136504
474,7.56944298,72.15545217,6.618551841
475,7.58944098,71.16758281,6.527938251
476,7.60943898,79.1910241,7.263898743
477,7.62943698,89.20332108,8.182289588
478,7.64943498,63.15893753,5.793334942
479,7.66943298,74.20102499,6.806184644
480,7.68943098,64.18934498,5.887850393
481,7.70942898,76.21601411,6.991012118
482,7.72942698,75.22569223,6.900173567
483,7.74942498,74.23351768,6.809165078
484,7.76942298,92.27428462,8.463977676
485,7.78942098,81.26499865,7.454136732
486,7.80941898,72.25262933,6.627465542
487,7.82941698,78.25723859,7.178246064
488,7.84941498,74.25248802,6.810905156
489,7.86941298,47.21770136,4.331104509
490,7.88941098,52.23473514,4.791298399
491,7.90940898,80.28123704,7.363899931
492,7.92940698,66.24849448,6.076728534
493,7.94940498,73.26032142,6.719897397
494,7.96940298,61.24475451,5.617754037
495,7.98940098,66.25986214,6.077771247
496,8.00939898,69.26131552,6.353083427
497,8.02939698,60.23355903,5.525000828
498,8.04939498,57.21972069,5.248552623
499,8.06939298,67.22881999,6.166650155
500,8.08939098,69.21890735,6.349193482
501,8.10938898,67.2043884,6.164409136
502,8.12938698,70.20288649,6.439450238
503,8.14938498,62.18637472,5.704125364
504,8.16938298,65.19199835,5.979820065
505,8.18938098,84.22746638,7.725872902
506,8.20937898,63.21231535,5.798231091
507,8.22937698,73.26720023,6.720528364
508,8.24937498,58.31525505,5.349041924
509,8.26937298,70.30166503,6.448510827
510,8.28937098,75.32514817,6.909296291
511,8.30936898,58.31328847,5.348861536
512,8.32936698,54.98584705,5.043647684
513,8.34936498,54.35426847,4.985715325
514,8.36936298,55.34485825,5.076578449
515,8.38936098,61.34646106,5.627083201
516,8.40935898,57.34469841,5.260016365
517,8.42935698,67.37350756,6.179921809
518,8.44935498,56.45773288,5.178658308
519,8.46935298,78.41251402,7.192488903
520,8.48935098,58.40082268,5.356890724
521,8.50934898,60.40633471,5.5408489
522,8.52934698,52.37077499,4.803776829
523,8.54934498,68.40602962,6.274631225
524,8.56934298,52.37147566,4.803841099
525,8.58934098,60.35189846,5.535855665
526,8.60933898,61.37945514,5.630109625
527,8.62933698,57.40049348,5.26513424
528,8.64933498,70.41396302,6.458811505
529,8.66933298,69.39482692,6.365329932
530,8.68933098,53.36459276,4.894936045
531,8.70932898,65.37605602,5.996702992
532,8.72932698,50.25594354,4.609791189
533,8.74932498,65.35398813,5.994678786
534,8.76932298,67.31391481,6.174455587
535,8.78932098,53.2182641,4.881513859
536,8.80931898,57.07410251,5.235195608
537,8.82931698,59.82291218,5.487333716
538,8.84931498,56.07635248,5.1436757
539,8.86931298,52.36720437,4.803449309
540,8.88931098,50.45278489,4.627846715
541,8.90930898,52.98150204,4.859796555
542,8.92930698,56.39693626,5.17308166
543,8.94930498,56.5768377,5.189583352
544,8.96930298,53.79239252,4.934176529
545,8.98930098,53.91508935,4.945431054
546,9.00929898,56.06063246,5.142233761
547,9.02929698,54.43298585,4.992935778
548,9.04929498,52.37720205,4.80436636
549,9.06929298,51.74432024,4.74631446
550,9.08929098,50.87702525,4.666760709
551,9.10928898,51.61555927,4.734503693
552,9.12928698,52.61741952,4.826400616
553,9.14928498,49.57759087,4.547568416
554,9.16928298,46.1177127,4.230206631
555,9.18928098,47.8981106,4.393515924
556,9.20927898,49.91853567,4.578842017
557,9.22927698,49.55549376,4.54554153
558,9.24927498,49.89770126,4.576930954
559,9.26927298,48.9098742,4.486321244
560,9.28927098,51.24536102,4.700546782
561,9.30926898,57.02490376,5.230682788
562,9.32926698,54.12367812,4.964564127
563,9.34926498,49.70914757,4.559635623
564,9.36926298,53.58378777,4.91504199
565,9.38926098,54.02554279,4.955562538
566,9.40925898,48.86995968,4.482660033
567,9.42925698,47.83666442,4.387879694
568,9.44925498,52.00856953,4.770553066
569,9.46925298,52.55530805,4.820703362
570,9.48925098,50.60666348,4.641961427
571,9.50924898,51.38555454,4.713406214
572,9.52924698,48.89832001,4.485261421
573,9.54924498,46.3885735,4.255051688
574,9.56924298,49.05503381,4.499636196
575,9.58924098,50.90906632,4.669699718
576,9.60923898,46.96431782,4.307862577
577,9.62923698,44.77119485,4.106695546
578,9.64923498,47.55243227,4.361808133
579,9.66923298,51.05598145,4.683175697
580,9.68923098,53.04641759,4.865751017
581,9.70922898,50.77996576,4.657857803
582,9.72922698,46.48196393,4.263618045
583,9.74922498,45.18650062,4.144790003
584,9.76922298,48.95077529,4.490072949
585,9.78922098,50.21939055,4.606438319
586,9.80921898,46.9698459,4.308369648
587,9.82921698,45.06386497,4.13354109
588,9.84921498,42.89482216,3.934582843
589,9.86921298,40.29713184,3.696306351
590,9.88921098,39.48022738,3.621374737
591,9.90920898,39.74019919,3.645220986
592,9.92920698,44.23621549,4.057623875
593,9.94920498,48.27004876,4.42763243
594,9.96920298,43.80754122,4.018303175
595,9.98920098,39.86017896,3.656226285
596,10.00919898,44.18486875,4.05291403
597,10.02919698,47.64604057,4.370394476
598,10.04919498,44.84076498,4.113076956
599,10.06919298,46.60956123,4.275322072
600,10.08919098,32.59553487,2.989867443
601,10.10918898,41.60211672,3.816007771
602,10.12918698,44.60651931,4.09159047
603,10.14918498,44.60861658,4.091782845
604,10.16918298,42.61174746,3.908617452
605,10.18918098,41.60840352,3.816584436
606,10.20917898,42.61545507,3.908957537
607,10.22917698,42.63016074,3.910306434
608,10.24917498,31.60338753,2.89886145
609,10.26917298,47.61614307,4.367652089
610,10.28917098,44.63217025,4.093943336
611,10.30916898,31.62135568,2.900509602
612,10.32916698,51.62635502,4.735493948
613,10.34916498,38.60302378,3.540912106
614,10.36916298,29.59696379,2.714819647
615,10.38916098,26.59559957,2.439515645
616,10.40915898,37.61058294,3.449879191
617,10.42915698,37.61285033,3.45008717
618,10.44915498,44.62099878,4.092918618
619,10.46915298,41.62277111,3.817902322
620,10.48915098,36.61871122,3.358898479
621,10.50914898,40.62859076,3.726709848
622,10.52914698,29.6310479,2.717946056
623,10.54914498,41.64434885,3.819881568
624,10.56914298,32.62668221,2.992724474
625,10.58914098,45.64750544,4.187076265
626,10.60913898,43.64923701,4.003782518
627,10.62913698,39.64492632,3.636481959
628,10.64913498,29.62627102,2.71750789
629,10.66913298,27.61383848,2.532914922
630,10.68913098,41.64073902,3.819550451
631,10.70912898,26.62405878,2.442126103
632,10.72912698,34.61753138,3.175337679
633,10.74912498,35.61406774,3.266746261
634,10.76912298,27.60129862,2.531764687
635,10.78912098,31.58159721,2.896862705
636,10.80911898,40.57564086,3.72185295
637,10.82911698,37.56241627,3.445461041
638,10.84911498,29.54597412,2.710142553
639,10.86911298,31.53928583,2.892981639
640,10.88911098,35.53617131,3.25960111
641,10.90910898,44.55972018,4.08729776
642,10.92910698,29.56176639,2.71159112
643,10.94910498,27.5709135,2.528977573
644,10.96910298,40.60759501,3.724783985
645,10.98910098,25.61372277,2.349451731
646,11.00909898,31.63185054,2.901472256
647,11.02909698,31.65258227,2.903373901
648,11.04909498,33.66918223,3.088349131
649,11.06909298,41.67626038,3.822808694
650,11.08909098,35.66413912,3.271339123
651,11.10908898,44.67939568,4.09827515
652,11.12908698,27.66917581,2.53799081
653,11.14908498,38.68340007,3.548284724
654,11.16908298,29.67080977,2.721593265
655,11.18908098,45.67366146,4.18947546
656,11.20907898,38.66178798,3.546302328
657,11.22907698,24.65643031,2.261642846
658,11.24907498,25.66827125,2.35445526
659,11.26907298,40.68590329,3.731966913
660,11.28907098,22.65493878,2.078053456
661,11.30906898,34.66148197,3.179369104
662,11.32906698,28.67056509,2.629844532
663,11.34906498,35.67912456,3.272713682
664,11.36906298,26.66545978,2.445923664
665,11.38906098,29.66779656,2.721316874
666,11.40905898,31.67854774,2.905755617
667,11.42905698,36.68394196,3.364881853
668,11.44905498,38.67966324,3.547941959
669,11.46905298,38.68408163,3.548347241
670,11.48905098,28.67737171,2.630468878
671,11.50904898,31.67885805,2.905784081
672,11.52904698,39.68873346,3.640500225
673,11.54904498,30.67770053,2.813951617
674,11.56904298,26.67290146,2.446606262
675,11.58904098,28.69604227,2.63218146
676,11.60903898,34.7073787,3.18357904
677,11.62903698,20.68103541,1.896994626
678,11.64903498,17.67447483,1.621213982
679,11.66903298,29.69710155,2.724004912
680,11.68903098,39.71743092,3.643132537
681,11.70902898,14.70047648,1.348420151
682,11.72902698,27.70522766,2.541297712
683,11.74902498,30.70445478,2.816405685
684,11.76902298,23.70370381,2.17425278
685,11.78902098,31.71493102,2.909092921
686,11.80901898,21.71454635,1.991794749
687,11.82901698,21.71826692,1.992136023
688,11.84901498,26.72106832,2.451024428
689,11.86901298,26.71688564,2.450640767
690,11.88901098,29.71472774,2.725621697
691,11.90900898,26.71487103,2.450455974
692,11.92900698,24.72022059,2.267494092
693,11.94900498,33.7310982,3.094028454
694,11.96900298,20.70931836,1.899588916
695,11.98900098,27.72072784,2.542719487
696,12.00899898,33.73494554,3.094381356
697,12.02899698,23.72717261,2.176405486
698,12.04899498,19.72276711,1.809096231
699,12.06899298,25.73528536,2.360602216
700,12.08899098,31.74125199,2.911507246
701,12.10898898,27.73998009,2.544485424
702,12.12898698,26.74306624,2.453042216
703,12.14898498,24.73486635,2.268837493
704,12.16898298,20.72571561,1.901092974
705,12.18898098,24.73945756,2.269258628
706,12.20897898,25.74366739,2.361371069
707,12.22897698,29.74002538,2.727942156
708,12.24897498,32.74099144,3.003209635
709,12.26897298,27.73399164,2.543936125
710,12.28897098,22.72932982,2.08487707
711,12.30896898,33.7436445,3.095179279
712,12.32896698,28.75230862,2.637342563
713,12.34896498,24.75221577,2.270428891
714,12.36896298,24.75309465,2.270509507
715,12.38896098,18.74399668,1.719317252
716,12.40895898,32.75922397,3.004882037
717,12.42895698,22.75708549,2.087422995
718,12.44895498,20.75681036,1.90394518
719,12.46895298,23.76196381,2.179596753
720,12.48895098,27.76727793,2.546989353
721,12.50894898,16.75740585,1.537094648
722,12.52894698,25.75996088,2.36286561
723,12.54894498,24.75488656,2.270673873
724,12.56894298,22.75110107,2.086874066
725,12.58894098,23.75189476,2.178673157
726,12.60893898,20.75197624,1.903501765
727,12.62893698,27.75989972,2.546312578
728,12.64893498,22.75241701,2.086994773
729,12.66893298,13.75103392,1.261331308
730,12.68893098,18.75716474,1.720525109
731,12.70892898,21.75897217,1.995869764
732,12.72892698,19.76029771,1.812538773
733,12.74892498,28.76741184,2.638727925
734,12.76892298,23.76415525,2.179797767
735,12.78892098,20.75767886,1.904024845
736,12.80891898,17.76283523,1.629318953
737,12.82891698,23.77819692,2.181085756
738,12.84891498,20.77279125,1.905411049
739,12.86891298,18.77121626,1.721814003
740,12.88891098,18.76757323,1.721479842
741,12.90890898,15.76537252,1.446099112
742,12.92890698,20.7752461,1.905636223
743,12.94890498,25.78259022,2.364941315
744,12.96890298,23.78614935,2.181815204
745,12.98890098,20.77840025,1.905925541
746,13.00889898,16.76967222,1.538219796
747,13.02889698,17.77434849,1.630375022
748,13.04889498,29.78493489,2.732061538
749,13.06889298,17.77619093,1.630544022
750,13.08889098,18.77838369,1.722471445
751,13.10888898,16.78176887,1.539329377
752,13.12888698,19.77400855,1.813796418
753,13.14888498,16.7635501,1.537658237
754,13.16888298,14.77277847,1.355052144
755,13.18888098,22.78941525,2.090388484
756,13.20887898,20.78774187,1.906782414
757,13.22887698,18.7793386,1.722559035
758,13.24887498,19.78038811,1.814381591
759,13.26887298,21.78808026,1.998539742
760,13.28887098,16.78791704,1.539893326
761,13.30886898,27.80380482,2.550339829
762,13.32886698,15.79248373,1.448585923
763,13.34886498,12.79215755,1.173377137
764,13.36886298,18.79835172,1.724303038
765,13.38886098,25.79910645,2.366456287
766,13.40885898,18.78862662,1.723410991
767,13.42885698,18.79177042,1.72369936
768,13.44885498,11.78456529,1.080954439
769,13.46885298,15.78824443,1.448197067
770,13.48885098,22.79398971,2.090808082
771,13.50884898,16.7923872,1.540303357
772,13.52884698,19.79786949,1.815985094
773,13.54884498,13.79202074,1.265090877
774,13.56884298,10.79700403,0.99036911
775,13.58884098,13.80640945,1.2664107
776,13.60883898,14.80398803,1.357914881
777,13.62883698,20.81257281,1.909060063
778,13.64883498,15.80917003,1.450116495
779,13.66883298,14.81001656,1.358467855
780,13.68883098,5.803922995,0.532372317
781,13.70882898,16.81095362,1.542006386
782,13.72882698,14.80434997,1.35794808
783,13.74882498,13.80382138,1.266173305
784,13.76882298,10.80369158,0.990982533
785,13.78882098,17.80881039,1.633536084
786,13.80881898,12.80685812,1.174725566
787,13.82881698,14.80458422,1.357969567
788,13.84881498,15.8080657,1.450015199
789,13.86881298,12.81423827,1.17540252
790,13.88881098,11.81140088,1.083415967
791,13.90880898,16.81994465,1.5428311
792,13.92880698,11.81554914,1.083796472
793,13.94880498,5.805890089,0.532552751
794,13.96880298,12.81066821,1.175075051
795,13.98880098,9.808427828,0.899690683
796,14.00879898,15.81289142,1.450457844
797,14.02879698,13.81858994,1.267527971
798,14.04879498,20.82973627,1.910634403
799,14.06879298,11.82158699,1.084350302
800,14.08879098,15.82747644,1.451795674
801,14.10878898,14.82827011,1.360142186
802,14.12878698,16.82678355,1.543458407
803,14.14878498,18.82767336,1.726992603
804,14.16878298,11.82531347,1.084692118
805,14.18878098,12.82490692,1.176381115
806,14.20877898,8.822133565,0.809221571
807,14.22877698,9.827797475,0.901467389
808,14.24877498,7.826982156,0.717940025
809,14.26877298,13.8333508,1.26888193
810,14.28877098,16.83677517,1.544374901
811,14.30876898,17.8354391,1.635978637
812,14.32876698,15.83944704,1.452893693
813,14.34876498,15.84893118,1.453763638
814,14.36876298,9.843232791,0.902883213
815,14.38876098,15.84666493,1.453555763
816,14.40875898,10.84115324,0.994418752
817,14.42875698,7.835685801,0.718738378
818,14.44875498,12.84096241,1.177853826
819,14.46875298,6.837752876,0.627201695
820,14.48875098,13.84064933,1.269551397
821,14.50874898,9.838436468,0.902443264
822,14.52874698,14.84127522,1.361335096
823,14.54874498,15.84579502,1.453475969
824,14.56874298,6.842282735,0.627617202
825,14.58874098,13.8477087,1.270198927
826,14.60873898,10.84612402,0.994874704
827,14.62873698,11.84639867,1.086626185
828,14.64873498,13.84504451,1.269954551
829,14.66873298,7.838505801,0.718997046
830,14.68873098,10.84703299,0.99495808
831,14.70872898,6.848327625,0.628171677
832,14.72872698,7.846382735,0.719719568
833,14.74872498,16.85575167,1.546115544
834,14.76872298,10.84651239,0.994910328
835,14.78872098,16.85245984,1.545813597
836,14.80871898,10.85098722,0.995320787
837,14.82871698,14.85876771,1.362939618
838,14.84871498,5.856416719,0.537187371
839,14.86871298,7.858962622,0.720873475
840,14.88871098,17.86681419,1.638856557
841,14.90870898,11.85974389,1.087850292
842,14.92870698,7.855838351,0.720586897
843,14.94870498,4.853475828,0.445191325
844,14.96870298,8.860011619,0.812695984
845,14.98870098,12.86131967,1.179721122
846,15.00869898,8.853619724,0.812109679
847,15.02869698,11.85900171,1.087782215
848,15.04869498,6.8603941,0.62927849
849,15.06869298,10.86204686,0.996335247
850,15.08869098,10.86147533,0.996282823
851,15.10868898,10.86142001,0.996277748
852,15.12868698,11.86777738,1.088587175
853,15.14868498,16.87770091,1.548128868
854,15.16868298,9.870376763,0.905373029
855,15.18868098,10.86960571,0.997028592
856,15.20867898,8.868726555,0.813495373
857,15.22867698,11.86677803,1.088495508
858,15.24867498,11.8775681,1.089485241
859,15.26867298,8.877294976,0.814281322
860,15.28867098,10.87754732,0.997757046
861,15.30866898,10.87504075,0.997527128
862,15.32866698,2.86486679,0.262783598
863,15.34866498,9.870880817,0.905419264
864,15.36866298,6.871336817,0.630282225
865,15.38866098,7.873641296,0.722219895
866,15.40865898,8.878053724,0.814350919
867,15.42865698,6.878362272,0.630926644
868,15.44865498,7.874987791,0.722343404
869,15.46865298,10.87817964,0.997815047
870,15.48865098,13.88319686,1.273454124
871,15.50864898,7.877972961,0.722617223
872,15.52864698,10.87887672,0.997878988
873,15.54864498,5.873231718,0.538729748
874,15.56864298,7.876119087,0.722447174
875,15.58864098,12.8785658,1.181303045
876,15.60863898,0.867168749,0.079542171
877,15.62863698,6.874695035,0.630590262
878,15.64863498,3.875411784,0.35547714
879,15.66863298,3.874324474,0.355377405
880,15.68863098,5.880922463,0.539435192
881,15.70862898,8.884556749,0.814947418
882,15.72862698,5.880757341,0.539420046
883,15.74862498,10.88635016,0.998564499
884,15.76862298,7.885135015,0.723274171
885,15.78862098,5.88242168,0.53957271
886,15.80861898,8.885922584,0.815072701
887,15.82861698,8.888572338,0.815315753
888,15.84861498,5.886055805,0.539906054
889,15.86861298,5.887058081,0.539997989
890,15.88861098,9.889729985,0.907148228
891,15.90860898,6.88333349,0.631382635
892,15.92860698,7.880817538,0.722878145
893,15.94860498,8.88335674,0.814837345
894,15.96860298,4.881456388,0.447757878
895,15.98860098,4.88023006,0.447645392
896,16.00859898,5.883446529,0.539666715
897,16.02859698,3.885040224,0.356360321
898,16.04859498,7.892704877,0.723968527
899,16.06859298,9.897593355,0.907869506
900,16.08859098,2.892492877,0.265317637
901,16.10858898,3.895401601,0.357310732
902,16.12858698,5.902151077,0.541382414
903,16.14858498,5.899827991,0.541169326
904,16.16858298,6.898335679,0.63275873
905,16.18858098,8.901848754,0.816533549
906,16.20857898,2.896739066,0.265707124
907,16.22857698,8.900974604,0.816453367
908,16.24857498,4.897644414,0.449242746
909,16.26857298,6.90372294,0.633252884
910,16.28857098,6.903906203,0.633269694
911,16.30856898,2.899606218,0.265970117
912,16.32856698,5.900444924,0.541225915
913,16.34856498,4.900348815,0.44949081
914,16.36856298,3.899852887,0.357719032
915,16.38856098,4.901593918,0.449605019
916,16.40855898,6.903363795,0.633219941
917,16.42855698,7.904729332,0.725071485
918,16.44855498,1.898784297,0.174168437
919,16.46855298,8.903349231,0.816671182
920,16.48855098,3.89983784,0.357717652
921,16.50854898,6.90503005,0.63337278
922,16.52854698,7.908755945,0.725440831
923,16.54854498,5.906289431,0.54176201
924,16.56854298,7.906459665,0.725230202
925,16.58854098,4.90371348,0.449799439
926,16.60853898,5.908933452,0.542004536
927,16.62853698,4.910503138,0.450422229
928,16.64853498,5.911236497,0.542215786
929,16.66853298,3.909988985,0.358648779
930,16.68853098,5.909976101,0.542100174
931,16.70852898,2.90463944,0.266431796
932,16.72852698,2.905049553,0.266469414
933,16.74852498,4.907564153,0.450152647
934,16.76852298,6.907947102,0.633640351
935,16.78852098,0.900948911,0.0826407
936,16.80851898,4.906132021,0.450021282
937,16.82851698,2.90787843,0.266728897
938,16.84851498,4.909935353,0.450370148
939,16.86851298,3.907799958,0.358447987
940,16.88851098,2.90859699,0.266794807
941,16.90850898,2.90913498,0.266844155
942,16.92850698,10.91877207,1.00153844
943,16.94850498,1.913446439,0.175513341
944,16.96850298,12.92217214,1.185302893
945,16.98850098,1.911190423,0.175306405
946,17.00849898,0.912564232,0.08370613
947,17.02849698,1.915909038,0.175739226
948,17.04849498,2.917869307,0.267645323
949,17.06849298,4.919806062,0.451275551
950,17.08849098,6.921825177,0.634913335
951,17.10848898,3.920561555,0.359618561
952,17.12848698,3.920331359,0.359597446
953,17.14848498,4.920230091,0.451314446
954,17.16848298,1.919741423,0.176090756
955,17.18848098,6.923292632,0.635047939
956,17.20847898,6.921464186,0.634880223
957,17.22847698,3.921302119,0.35968649
958,17.24847498,2.921506913,0.267978987
959,17.26847298,1.921993462,0.176297327
960,17.28847098,3.922709951,0.359815626
961,17.30846898,0.919887181,0.084377837
962,17.32846698,2.925561749,0.268350922
963,17.34846498,2.930204373,0.268776772
964,17.36846298,4.931721609,0.45236852
965,17.38846098,0,0
966,17.40845898,5.92968268,0.543907786
967,17.42845698,2.923140875,0.268128864
968,17.44845498,1.920742013,0.176182536
969,17.46845298,2.923861583,0.268194972
970,17.48845098,2.926770094,0.268461759
971,17.50844898,1.927561605,0.176808072
972,17.52844698,2.928268721,0.268599222
973,17.54844498,3.92909605,0.360401399
974,17.56844298,0.926163279,0.08495352
975,17.58844098,1.929035938,0.176943307
976,17.60843898,0.929036313,0.085217053
977,17.62843698,0.930690862,0.085368819
978,17.64843498,2.932002262,0.268941686
979,17.66843298,6.934761691,0.636099953
980,17.68843098,6.934655837,0.636090244
981,17.70842898,2.93045591,0.268799845
982,17.72842698,3.931969973,0.360665013
983,17.74842498,1.930259704,0.177055559
984,17.76842298,1.932386357,0.177250629
985,17.78842098,0.933127149,0.08559229
986,17.80841898,0.000125246,1.14884E-05
987,17.82841698,7.70558E-05,7.06804E-06
988,17.84841498,4.936825815,0.45283671
989,17.86841298,1.933660694,0.177367519
990,17.88841098,2.935178745,0.269233053
991,17.90840898,5.939321925,0.544791958
992,17.92840698,3.937814388,0.3612011
993,17.94840498,3.938608475,0.361273938
994,17.96840298,1.938368716,0.177799369
995,17.98840098,3.941455772,0.36153511
996,18.00839898,0,0
997,18.02839698,1.941528769,0.178089228
998,18.04839498,0.942359945,0.08643918
999,18.06839298,2.94534774,0.270165817
1000,18.08839098,1.944216835,0.178335795
1001,18.10838898,2.944191618,0.270059771
1002,18.12838698,1.943066869,0.178230313
1003,18.14838498,1.943403233,0.178261166
1004,18.16838298,1.943594972,0.178278754
1005,18.18838098,1.943358396,0.178257053
1006,18.20837898,3.945478429,0.361904094
1007,18.22837698,2.94622184,0.270245995
1008,18.24837498,2.946476769,0.270269379
1009,18.26837298,0.944587427,0.086643499
1010,18.28837098,1.945794069,0.178480469
1011,18.30836898,1.946448226,0.178540472
1012,18.32836698,3.948731039,0.362202443
1013,18.34836498,1.947197088,0.178609162
1014,18.36836298,0,0
1015,18.38836098,0.947939795,0.086950999
1016,18.40835898,0,0
1017,18.42835698,0,0
1018,18.44835498,1.951726751,0.179024652
1019,18.46835298,0.950237723,0.08716178
1020,18.48835098,0,0
1021,18.50834898,0.949338947,0.087079338
1022,18.52834698,2.950445921,0.270633455
1023,18.54834498,2.949608299,0.270556623
1024,18.56834298,0.94716158,0.086879617
1025,18.58834098,0,0
1026,18.60833898,2.949403207,0.27053781
1027,18.62833698,0.948346029,0.086988262
1028,18.64833498,1.949793742,0.178847344
1029,18.66833298,1.950806456,0.178940236
1030,18.68833098,0,0
1031,18.70832898,0,0
1032,18.72832698,1.955660563,0.179385486
1033,18.74832498,0.953739725,0.087483005
1034,18.76832298,0,0
1035,18.78832098,0,0
1036,18.80831898,0,0
1037,18.82831698,0.951037915,0.087235178
1038,18.84831498,0.953249692,0.087438057
1039,18.86831298,0.954998454,0.087598464
1040,18.88831098,3.958508177,0.363099264
1041,18.90830898,1.95711798,0.179519169
1042,18.92830698,0,0
1043,18.94830498,2.959075756,0.271425037
1044,18.96830298,0,0
1045,18.98830098,0.957450453,0.087823377
1046,19.00829898,0,0
1047,19.02829698,0.956505956,0.087736742
1048,19.04829498,2.959015428,0.271419504
1049,19.06829298,2.959800518,0.271491517
1050,19.08829098,0,0
1051,19.10828898,0,0
1052,19.12828698,1.960273512,0.179808614
1053,19.14828498,0,0
1054,19.16828298,0.961272991,0.088174004
1055,19.18828098,1.962487015,0.180011651
1056,19.20827898,0.960795725,0.088130226
1057,19.22827698,0.959321011,0.087994956
1058,19.24827498,0,0
1059,19.26827298,0.958953235,0.087961221
1060,19.28827098,0,0
1061,19.30826898,1.962281823,0.179992829
1062,19.32826698,0,0
1063,19.34826498,0.960775165,0.08812834
1064,19.36826298,0,0
1065,19.38826098,0,0
1066,19.40825898,0.961152111,0.088162916
1067,19.42825698,0,0
1068,19.44825498,1.964455222,0.180192187
1069,19.46825298,0.96473813,0.088491848
1070,19.48825098,1.966445877,0.180374782
1071,19.50824898,0,0
1072,19.52824698,0,0
1073,19.54824498,0,0
1074,19.56824298,0,0
1075,19.58824098,0,0
1076,19.60823898,0,0
1077,19.62823698,0.960516658,0.088104628
1078,19.64823498,0,0
1079,19.66823298,0,0
1080,19.68823098,0,0
1081,19.70822898,0,0
1082,19.72822698,0,0
1083,19.74822498,0,0
1084,19.76822298,0,0
1085,19.78822098,0,0
1086,19.80821898,0,0
1087,19.82821698,0,0
1088,19.84821498,0,0
1089,19.86821298,0,0
1090,19.88821098,0,0
1091,19.90820898,0,0
1092,19.92820698,0,0
1093,19.94820498,0.967100811,0.088708568
1094,19.96820298,0,0
1095,19.98820098,0,0
1096,20.00819898,0,0
1097,20.02819698,0,0
1098,20.04819498,0,0
1099,20.06819298,0,0
1100,20.08819098,0,0
1101,20.10818898,0,0
1102,20.12818698,0,0
1103,20.14818498,0,0
1104,20.16818298,0,0
1105,20.18818098,0,0
1106,20.20817898,0,0
1107,20.22817698,0,0
1108,20.24817498,0,0
1109,20.26817298,0,0
1110,20.28817098,0,0
1111,20.30816898,0,0
1112,20.32816698,0,0
1113,20.34816498,0,0
1114,20.36816298,0,0
1115,20.38816098,0,0
1116,20.40815898,0,0
1117,20.42815698,0,0
1118,20.44815498,0,0
1119,20.46815298,0,0
1120,20.48815098,0,0
1121,20.50814898,0,0
1122,20.52814698,0,0
1123,20.54814498,0,0
1124,20.56814298,0,0
1125,20.58814098,0.977227982,0.089637496
1126,20.60813898,0,0
1127,20.62813698,0,0
1128,20.64813498,0,0
1129,20.66813298,0,0
1130,20.68813098,0,0
1131,20.70812898,0.977212068,0.089636036
1132,20.72812698,0,0
1133,20.74812498,0,0
1134,20.76812298,0,0
1135,20.78812098,0,0
1136,20.80811898,0,0
1137,20.82811698,0,0
1138,20.84811498,0,0
1139,20.86811298,0,0
1140,20.88811098,0,0
1141,20.90810898,0,0
1142,20.92810698,0,0
1143,20.94810498,0,0
1144,20.96810298,0,0
1145,20.98810098,0,0
1146,21.00809898,0,0
1147,21.02809698,0,0
1148,21.04809498,0,0
1149,21.06809298,0,0
1150,21.08809098,0,0
1151,21.10808898,0,0
1152,21.12808698,0,0
1153,21.14808498,0,0
1154,21.16808298,0,0
1155,21.18808098,0,0
1156,21.20807898,0,0
1157,21.22807698,0,0
1158,21.24807498,0,0
1159,21.26807298,0,0
1160,21.28807098,0,0
1161,21.30806898,0,0
1162,21.32806698,0,0
1163,21.34806498,0,0
1164,21.36806298,0,0
1165,21.38806098,0,0
1166,21.40805898,0,0
1167,21.42805698,0,0
1168,21.44805498,0,0
1169,21.46805298,0,0
1170,21.48805098,0,0
1171,21.50804898,0,0
1172,21.52804698,0,0
1173,21.54804498,0,0
1174,21.56804298,0,0
1175,21.58804098,0,0
1176,21.60803898,0,0
1177,21.62803698,0,0
1178,21.64803498,0,0
1179,21.66803298,0,0
1180,21.68803098,0,0
1181,21.70802898,0,0
1182,21.72802698,0,0
1183,21.74802498,0,0
1184,21.76802298,0,0
1185,21.78802098,0,0
1186,21.80801898,0,0
1187,21.82801698,0,0
1188,21.84801498,0,0
1189,21.86801298,0,0
1190,21.88801098,0,0
1191,21.90800898,0,0
1192,21.92800698,0,0
1193,21.94800498,0,0
1194,21.96800298,0,0
1195,21.98800098,0,0
1196,22.00799898,0,0
1197,22.02799698,0,0
1198,22.04799498,0,0
1199,22.06799298,0,0
1200,22.08799098,0,0
1201,22.10798898,0,0
1202,22.12798698,0,0
1203,22.14798498,0,0
1204,22.16798298,0,0
1205,22.18798098,0,0
1206,22.20797898,0,0
1207,22.22797698,0,0
1208,22.24797498,0,0
1209,22.26797298,0,0
1210,22.28797098,0,0
1211,22.30796898,0,0
1212,22.32796698,0,0
1213,22.34796498,0,0
1214,22.36796298,0,0
1215,22.38796098,0,0
1216,22.40795898,0,0
1217,22.42795698,0,0
1218,22.44795498,0,0
1219,22.46795298,0,0
1220,22.48795098,0,0
1221,22.50794898,0,0
1222,22.52794698,0,0
1223,22.54794498,0,0
1224,22.56794298,0,0
1225,22.58794098,0,0
1226,22.60793898,0,0
1227,22.62793698,0,0
1228,22.64793498,0,0
1229,22.66793298,0,0
1230,22.68793098,0,0
1231,22.70792898,0,0
